Date,Forecast,Lower_CI,Upper_CI
2022-05-03,277.3374435351981,257.6266284302712,297.04825864012497
2022-05-04,278.2081935710298,256.43066373958266,299.985723402477
2022-05-05,277.79842602648057,255.19326262253512,300.40358943042605
2022-05-06,278.40385131518633,254.33483074369192,302.47287188668076
2022-05-09,278.0680779786068,253.30060301429222,302.8355529429214
2022-05-10,278.6384932892814,252.75488259815788,304.52210398040495
2022-05-11,278.32935136218293,251.78984725784744,304.8688554665184
2022-05-12,278.8753533535261,251.42624556803995,306.32446113901227
2022-05-13,278.5896582828737,250.5159666891121,306.66334987663527
2022-05-16,279.1129143201414,250.262344693739,307.96348394654376
2022-05-17,278.8493314764455,249.40359443744157,308.2950685154495
2022-05-18,279.35108205173793,249.21889075522006,309.4832733482558
2022-05-19,279.1084164243848,248.40938471956235,309.8074481292073
2022-05-20,279.5898215630603,248.26901413026923,310.91062899585137
2022-05-23,279.366945297793,247.50604320312564,311.2278473924604
2022-05-24,279.829101935337,247.39473481518786,312.26346905548615
2022-05-25,279.6249480954997,246.675224918745,312.57467127225436
2022-05-26,280.06889400466883,246.58321325341137,313.5545747559263
2022-05-27,279.88245318131425,245.9039753108854,313.86093105174314
2022-05-30,280.30917018305547,245.82485538870736,314.7934849774036
2022-05-31,280.1394873891159,245.1827787897414,315.0961959884904
2022-06-01,280.5499043700307,245.1122521156163,315.98755662444506
2022-06-02,280.39607610602224,244.50441589346246,316.287736318582
2022-06-03,280.79107187232546,244.43953688795608,317.14260685669484
2022-06-06,280.65224335041773,243.8632591718114,317.4412275290241
2022-06-07,281.03264932799453,243.80197187904776,318.2633267769413
2022-06-08,280.90801184574957,243.25482109812793,318.5612025933712
2022-06-09,281.27461463463817,243.19566830419268,319.35356096508366
2022-06-10,281.16340309034337,242.6754534576445,319.65135272304224
2022-06-13,281.51694688149513,242.617390236012,320.41650352697826
2022-06-14,281.41843742345486,242.12214125113428,320.71473359577544
2022-06-15,281.75962628519545,242.06441289483135,321.4548396755595
2022-06-16,281.67313408776073,241.59235750397056,321.7539106715509
2022-06-17,282.0026341289784,241.53441785571042,322.4708504022464
2022-06-20,281.9275112884797,241.08395845925682,322.7710641177026
2022-06-21,282.2459527051864,241.0254140463923,323.46649136398054
2022-06-22,282.18158624930663,240.59510624765244,323.7680662509608
2022-06-23,282.4895652608602,240.53567721283113,324.44345330888933
2022-06-24,282.43537526533095,240.12421069727284,324.746539833389
2022-06-27,282.7334559462666,240.0637028790505,325.4032090134827
2022-06-28,282.6888937531016,239.66988476734764,325.7079027388555
2022-06-29,282.9776097662014,239.60816933659152,326.3470501958113
2022-06-30,282.9421562979931,239.23090987298045,326.65340272300574
2022-07-01,283.2220125339185,239.16790819823035,327.2761168696066
2022-07-04,283.19517669901825,238.80620852220747,327.58414487582905
2022-07-05,283.46665082754197,238.74188073044354,328.19142092464045
2022-07-06,283.4479680112238,238.39482244886693,328.50111357358065
2022-07-07,283.7115119488284,238.32915865172333,329.09386524593344
2022-07-08,283.70054258580114,237.9958949384925,329.40519023310975
2022-07-11,283.95658388415296,237.92890841852886,329.9842593497771
2022-07-12,283.9529121080345,237.60865639712765,330.29716781894143
2022-07-13,284.20185526759855,237.54037826139066,330.8633322738064
2022-07-14,284.2050876332027,237.23241245939008,331.1777628070153
2022-07-15,284.44731534603477,237.16288740921829,331.73174328285126
2022-07-18,284.45707962054536,236.86653410718162,332.0476251339091
2022-07-19,284.6929539460801,236.7958170693841,332.59009082277606
2022-07-20,284.70889796539853,236.51044939673966,332.9073465340574
2022-07-21,284.938761442845,236.43860282777553,333.4389200579145
2022-07-22,284.9605520295968,236.163636484178,333.7574675750156
2022-07-25,285.1847287303604,236.09072820579658,334.27872925492426
2022-07-26,285.2120506702368,235.8256177082509,334.59848363222267
2022-07-27,285.4308471936002,235.75171916664084,335.10997522055953
2022-07-28,285.46340226689006,235.49595454058837,335.43084999319177
2022-07-29,285.6771086820124,235.42113940559653,335.9330779584282
2022-08-01,285.7146147473482,235.17424325279256,336.25498624190385
2022-08-02,285.9235054844775,235.098586291958,336.74842467699705
2022-08-03,285.96569561198066,234.86011117984032,337.07128004412107
2022-08-04,286.17003030561636,234.78368735567895,337.5563732555538
2022-08-05,286.21665195677866,234.55321348254017,337.88009043101715
2022-08-08,286.4166762433761,234.47609723197073,338.3572552547815
2022-08-09,286.4674904951572,234.253230330028,338.6817506602864
2022-08-10,286.663436767824,234.17549499290348,339.15137854274457
2022-08-11,286.71821757858135,233.959864437668,339.4765707194947
2022-08-12,286.9103057010849,233.88158180768957,339.93902959448025
2022-08-15,286.96883921608077,233.6728389071657,340.26483952499586
2022-08-16,287.1572771983602,233.59407888343225,340.72047551328814
2022-08-17,287.2193610927115,233.39189532485614,341.04682686056685
2022-08-18,287.4043457299703,233.3127256462632,341.49596581367746
2022-08-19,287.46978858702323,233.11679208151605,341.82278509253047
2022-08-22,287.651506064365,233.03727812939135,342.26573399933864
2022-08-23,287.72012678758426,232.84730288303595,342.5929506921326
2022-08-24,287.89875325205014,232.7675075399628,343.02999896413746
2022-08-25,287.97038050861556,232.5832154261765,343.35754559105465
2022-08-26,288.1460826103808,232.50319898103416,343.7889662397274
2022-08-29,288.2205543047823,232.32433021764322,344.1167783919214
2022-08-30,288.39348970917393,232.24415030859203,344.54282910975587
2022-08-31,288.4706524851873,232.0704595180191,344.8708454523555
2022-09-01,288.64097035709744,231.99017110655134,345.2917696076436
2022-09-02,288.72067912661083,231.82142639483718,345.61993185838446
2022-09-05,288.8885205887924,231.7410817651594,346.0359594124254
2022-09-06,288.9706380860357,231.577063871355,346.3642123007165
2022-09-07,289.1361366526899,231.49671265031773,346.7755606550621
2022-09-08,289.2205330124978,231.3372141595029,347.1038518654927
2022-09-09,289.3838149994848,231.2569033530795,347.5107266458901
2022-09-12,289.4703673582975,231.10172796708,347.83900674951497
2022-09-13,289.63155227123065,231.02150201005074,348.2416025324106
2022-09-14,289.7201443896061,230.87046387062165,348.5698249085906
2022-09-15,289.87934529102256,230.7903646866672,348.9683258953779
2022-09-16,289.96986719650135,230.64328774650875,349.29644664649396
2022-09-19,290.127191053237,230.56335481637356,349.69102729010046
2022-09-20,290.2195387024612,230.42007225385763,350.0190051510648
2022-09-21,290.37508671429663,230.3403426896267,350.40983073896655
2022-09-22,290.4691616733459,230.20069636355873,350.7376269831331
2022-09-23,290.623029583934,230.12120498741587,351.12485418045213
2022-09-26,290.71873872589623,229.98504492854053,351.45243252325196
2022-09-27,290.8710171169259,229.90582435464506,351.8362098792067
2022-09-28,290.96827233577244,229.7730082909414,352.1635363806035
2022-09-29,291.1190469052733,229.6940890092914,352.54400480125526
2022-09-30,291.21776484516135,229.564481922397,352.87104776792575
2022-10-03,291.36711667080317,229.48589238373822,353.24834095786815
2022-10-04,291.467218469972,229.35936609409936,353.57507084584466
2022-10-05,291.6152242581688,229.28113279510427,353.9493157212333
2022-10-06,291.71663530664404,229.15756557367683,354.27570503961124
2022-10-07,291.8633676282277,229.07971314175427,354.64702211470114
2022-10-10,291.96601733858864,228.9589893462805,354.97304533089675
2022-10-11,292.1115448517766,228.88154062349537,355.34154908005786
2022-10-12,292.2153664422826,228.76355035756058,355.66718252700457
2022-10-13,292.35975410362414,228.68652648323976,356.03298172400855
2022-10-14,292.4646843930335,228.57116527647023,356.35820350959676
2022-10-17,292.60799365698307,228.4945857681559,356.72140154581024
2022-10-18,292.7139728704344,228.38175427606137,357.04619146480746
2022-10-19,292.85626187816496,228.30563710854346,357.40688664778645
2022-10-20,292.9632334635239,228.19524083063365,357.7312260964142
2022-10-21,293.1045572215606,228.11960251285203,358.0895119302691
2022-10-24,293.21246767566856,228.0115515277703,358.41338382356685
2022-10-25,293.3528782248915,227.9364071774294,358.7693492723537
2022-10-26,293.4616769291818,227.83061589394816,359.09273796441545
2022-10-27,293.60122350471715,227.75597930972745,359.4464676997069
2022-10-28,293.7108625696938,227.6523662325423,359.7693589068453
2022-10-31,293.8495917521842,227.57824996382303,360.12093354054537
2022-11-01,293.9600258702859,227.4767374731654,360.44331426740644
2022-11-02,294.0979817290057,227.40315288722428,360.79281057078714
2022-11-03,294.2091680354021,227.3036670313877,361.1146690394165
2022-11-04,294.34639226365596,227.2306243780311,361.4621601492808
2022-11-07,294.45829020454926,227.13309467797492,361.7834857311236
2022-11-08,294.5948222477715,227.06060315161176,362.1290413439313
2022-11-09,294.7073934557985,226.96496241686756,362.4498244947295
2022-11-10,294.8432706327456,226.89303021603223,362.7935110494589
2022-11-11,294.9564788090974,226.79921437119577,363.11374324699904
2022-11-14,295.09173642650654,226.72784875555024,363.4556240974629
2022-11-15,295.20554722940363,226.63579667669262,363.77529778211465
2022-11-16,295.3402186904698,226.56500402154592,364.11543335939365
2022-11-17,295.45459962964975,226.47465738192554,364.434541877374
2022-11-18,295.5887165366538,226.40444323031986,364.7729898429878
2022-11-21,295.703636873548,226.31574635482005,365.09152739227596
2022-11-22,295.8372291249522,226.24611546723926,365.4283427826652
2022-11-23,295.9526597782442,226.1590151949967,365.7463043614917
2022-11-24,296.0857556605523,226.0899715967591,366.08153972434553
2022-11-25,296.20166911682804,226.00441715148375,366.3989210821723
2022-11-28,296.33429539149347,225.93596417788643,366.7326266051005
2022-11-29,296.4506656207087,225.85190704540813,367.04942419600934
2022-11-30,296.5828476063564,225.7840473846913,367.38164782802147
2022-12-01,296.6996499818618,225.70144119729972,367.6978587664239
2022-12-02,296.8314116320777,225.63417693150453,368.0286463326508
2022-12-05,296.9486228549555,225.55297735867683,368.3442683512342
2022-12-06,297.0799868318818,225.48631000246942,368.67366366129414
2022-12-07,297.1975848593618,225.4064746476068,368.9886950711168
2022-12-08,297.3285726033245,225.3404051851434,369.3167400215056
2022-12-09,297.4465365810599,225.2618934879638,369.631179674156
2022-12-12,297.57716837644193,225.19642240787084,369.957914345013
2022-12-13,297.69547857443587,225.11919555212455,370.2717615967472
2022-12-14,297.8257736119996,225.0543228806697,370.59722434332946
2022-12-15,297.94441136398666,224.97834370686957,370.91047902110375
2022-12-16,298.0743877998355,224.91406903939517,371.23470656027587
2022-12-19,298.1933354459312,224.83930196226953,371.5473689295929
2022-12-20,298.3230104572927,224.77562449296252,371.8703964216229
2022-12-21,298.4422512897351,224.7020354233593,372.182467156111
2022-12-22,298.57164112773654,224.63895397342844,372.50432828204464
2022-12-23,298.69115933955294,224.56651024441433,372.8158084346916
2022-12-26,298.8202793791514,224.50402328874424,373.1365354695585
2022-12-27,298.9400600155929,224.43269358566,373.4474264455258
2022-12-28,299.0689248028135,224.3707992780102,373.76705032761686
2022-12-29,299.188953715408,224.3005535722567,374.07735385855926
2022-12-30,299.31757701203543,224.23924976907185,374.395904254999
2023-01-02,299.43784081511734,224.17005925541545,374.70562237481926
2023-01-03,299.5662356409776,224.10934353831087,375.02312774364435
2023-01-04,299.68672167056195,224.0411805755102,375.3322627656137
2023-01-05,299.8149003435245,223.98105027249454,375.6487504145545
2023-01-06,299.9355966183977,223.91388832706156,375.95730490973386
2023-01-09,300.0635707922213,223.85434053255747,376.2728010518851
2023-01-10,300.18446597712983,223.7881541254776,376.58077782878206
2023-01-11,300.3122466772675,223.72918571919786,376.8953076353372
2023-01-12,300.4333300480917,223.6639503754449,377.2027097207385
2023-01-13,300.56092770556563,223.60555804017935,377.5162973709519
2023-01-16,300.6821891163704,223.54125024086875,377.82312799187207
2023-01-17,300.80961359982007,223.48343047923683,378.13579672040333
2023-01-18,300.9310434516827,223.42002761627222,378.4420592870932
2023-01-19,301.0583040976857,223.3627767664923,378.75383142887915
2023-01-20,301.1798933092037,223.30025709956738,379.05952951884
2023-01-23,301.3069989509614,223.24357135029157,379.37042655163117
2023-01-24,301.4287389303509,223.18191396611812,379.6755638945837
2023-01-25,301.55569792482777,223.12578937038205,379.9856064792735
2023-01-26,301.6775805435261,223.06497414402148,380.29018694303073
2023-01-27,301.8044007971256,223.00940663235198,380.5993949618992
2023-01-30,301.9264183648167,222.9494141905363,380.9034225390971
2023-01-31,302.0531073576731,222.89439958326275,381.2118151320835
2023-02-01,302.17525259866,222.83521126959607,381.5152939277239
2023-02-02,302.3018174076206,222.78074528840583,381.8228895268354
2023-02-03,302.42408343847114,222.72234313034437,382.1258237465979
2023-02-06,302.550530758839,222.66842140912215,382.43264010855586
2023-02-07,302.6729110672374,222.61078808663663,382.7350340478382
2023-02-08,302.79924723334216,222.5574061816262,383.04108828505815
2023-02-09,302.9217356580805,222.5005249974557,383.3429463187053
2023-02-10,303.04796666274007,222.44767839677974,383.6482549287004
2023-02-13,303.17055737478813,222.39153324819108,383.9495815013851
2023-02-14,303.29668888772113,222.33921738076378,384.2541603946785
2023-02-15,303.4193763723177,222.2837927327363,384.5549600118991
2023-02-16,303.5454137575632,222.2320029766017,384.8588245385247
2023-02-17,303.6681927972722,222.1772838363604,385.15910175818397
2023-02-20,303.7941411296701,222.12601552648755,385.46226673285264
2023-02-21,303.9170067883505,222.07198741931296,385.762026157388
2023-02-22,304.04287086913365,222.021235854878,386.0645058833893
2023-02-23,304.1658184767736,221.96788480112468,386.36375215242253
2023-02-24,304.2916028483193,221.917645252308,386.6655604443306
2023-02-27,304.4146279866879,221.8649577455674,386.9642982278084
2023-02-28,304.5403369464736,221.8152254598928,387.2654484330544
2023-03-01,304.6634354355464,221.76318844624052,387.56368242485223
2023-03-02,304.7890730493536,221.71395865448198,387.8641874442252
2023-03-03,304.9122409344697,221.66255951275105,388.16192235618837
2023-03-06,305.0378110488757,221.61382743443193,388.4617946633195
2023-03-07,305.1610445885875,221.56305395745852,388.7590352197165
2023-03-08,305.2865508427835,221.51481480596536,389.0582868796017
2023-03-09,305.4098464973614,221.46465518275647,389.3550378119663
2023-03-10,305.5352923343338,221.41690417009002,389.65368049857756
2023-03-13,305.6586467548906,221.36734696886361,389.9499465409175
2023-03-14,305.78403543199914,221.3200793100482,390.2479915539501
2023-03-15,305.907445450201,221.27111346210089,390.5437774383011
2023-03-16,306.0327800491867,221.2243243792704,390.8412357191031
2023-03-17,306.15624266751865,221.17593916362955,391.13654617140776
2023-03-20,306.2815261039724,221.12962388981094,391.43342831813385
2023-03-21,306.40503848652884,221.08180891863012,391.72826805442753
2023-03-22,306.53027351884896,221.03596270123995,392.02458433645796
2023-03-23,306.6538329826204,220.98870790589874,392.318958059342
2023-03-24,306.7790222204878,220.9433260099712,392.6147184310044
2023-03-27,306.9026262271177,220.89662162784413,392.9086308263913
2023-03-28,307.02777213951384,220.8516993390056,393.20384494002207
2023-03-29,307.1514182874998,220.8055359008641,393.49730067413543
2023-03-30,307.27652321029245,220.76106852806987,393.79197789251504
2023-03-31,307.40020922760755,220.71543684608588,394.0849816091293
2023-04-03,307.5252753707276,220.67141972413268,394.3791310173226
2023-04-04,307.6489991078399,220.62631088045214,394.6716873352277
2023-04-05,307.77402856207107,220.58273937228043,394.96531775186173
2023-04-06,307.89778798533945,220.53814470813802,395.2574312625408
2023-04-07,308.02278272874184,220.49501420693682,395.55055125054685
2023-04-10,308.1465759141679,220.45092531228423,395.84222651605154
2023-04-11,308.2715378181559,220.40823124341046,396.1348443929013
2023-04-12,308.3953629454723,220.36463994703107,396.42608594391356
2023-04-13,308.520293780564,220.32237776975478,396.7182097913731
2023-04-14,308.6441491276422,220.27927612984152,397.00902212544287
2023-04-17,308.76905056889916,220.2374413389278,397.3006597988705
2023-04-18,308.8929345064582,220.1948216340995,397.5910473788169
2023-04-19,309.01780813863206,220.15340976123747,397.88220651602666
2023-04-20,309.1417191252326,220.111264481972,398.1721737684932
2023-04-21,309.2665664476341,220.07027109706044,398.46286179820777
2023-04-24,309.3905030249427,220.02859293752346,398.7524131123619
2023-04-25,309.51532545604795,219.98801364982208,399.04263726227384
2023-04-26,309.63928624435636,219.94679550007157,399.33177698864114
2023-04-27,309.76408512616524,219.9066259592264,399.6215442931041
2023-04-28,309.8880688201514,219.86586089777416,399.9102767425286
2023-05-01,310.01284542231065,219.82609679472594,400.1995940498953
2023-05-02,310.1368507870281,219.78577808143774,400.48792349261845
2023-05-03,310.2616063107322,219.74641514921979,400.7767974722446
2023-05-04,310.38563217781603,219.70653621853805,401.064728137094
2023-05-05,310.5103677594977,219.66757023297177,401.3531652860236
2023-05-08,310.6344130235746,219.62812468744386,401.64070135970536
2023-05-09,310.75912973839644,219.5895514677384,401.9287080090545
2023-05-10,310.88319335368874,219.55053307183604,402.21585363554146
2023-05-11,311.0078922188466,219.5123484810984,402.50343595659484
2023-05-12,311.1319731959592,219.4737511553135,402.79019523660486
2023-05-15,311.2566551738074,219.43595110097533,403.0773592466395
2023-05-16,311.38075257668766,219.39776891617808,403.3637362371972
2023-05-17,311.5054185776959,219.36034935034507,403.6504878050467
2023-05-18,311.62953152075806,219.32257652239272,403.93648651912343
2023-05-19,311.7541824063083,219.28553344212102,404.22283137049556
2023-05-22,311.8783100517125,219.24816432670355,404.50845577672146
2023-05-23,312.002946636746,219.21149377420994,404.79439949928206
2023-05-24,312.1270881918239,219.17452286192167,405.0796535217261
2023-05-25,312.25171124734464,219.13822092473038,405.3652015699589
2023-05-26,312.37586596216426,219.10164283635714,405.65008908797137
2023-05-29,312.50047621760825,219.06570564738962,405.9352467878269
2023-05-30,312.6246433826696,219.02951512939944,406.21977163593976
2023-05-31,312.74924152814555,218.9939388670095,406.5045441892816
2023-06-01,312.87342047220113,218.95813078723876,406.7887101571635
2023-06-02,312.998007160611,218.92291167519866,407.07310264602336
2023-06-05,313.1221972486031,218.8874810187225,407.3569134784836
2023-06-06,313.2467730976479,218.85261532616266,407.6409308691332
2023-06-07,313.3709737287577,218.81755719134244,407.9243902661729
2023-06-08,313.49553932283567,218.78304123264897,408.2080374130224
2023-06-09,313.6197499286369,218.74835082734654,408.49114902992727
2023-06-12,313.7443058206386,218.7141809620191,408.7744306792581
2023-06-13,313.8685258633516,218.6798535999717,409.05719812673146
2023-06-14,313.9930725763589,218.64602623244588,409.3401189202719
2023-06-15,314.11730154719805,218.6120573297926,409.62254576460356
2023-06-16,314.24183957609114,218.57856890922872,409.9051102429535
2023-06-19,314.36607699370165,218.54495398118158,410.18720000622176
2023-06-20,314.49060680667947,218.51180100122303,410.4694126121359
2023-06-21,314.6148522156585,218.47853565887678,410.7511687724403
2023-06-22,314.73937425567743,218.44571465738073,411.0330338539742
2023-06-23,314.86362722517504,218.41279460465358,411.3144598456965
2023-06-26,314.98814191130964,218.38030216339607,411.59598165922324
2023-06-27,315.11240203370477,218.34772319409572,411.87708087331384
2023-06-28,315.23690976243546,218.31555593845354,412.1582635864173
2023-06-29,315.36117665208377,218.28331393346272,412.4390393707048
2023-06-30,315.48567779851504,218.25146853207443,412.7198870649557
2023-07-03,315.6099510905641,218.21955945665044,413.0003427244777
2023-07-04,315.73444600957674,218.18803262105754,413.2808593980959
2023-07-05,315.85872535884465,218.15645252223985,413.5609981954495
2023-07-06,315.9832143861864,218.12524100651174,413.841187765861
2023-07-07,316.10749946610173,218.09398601063356,414.1210129215699
2023-07-10,316.23198291941856,218.06308661097614,414.40087922786097
2023-07-11,316.35627342101685,218.0321529212746,414.6803939207591
2023-07-12,316.4807516008292,218.0015624756254,414.959940726033
2023-07-13,316.6050472318035,217.9709463699455,415.23914809366147
2023-07-14,316.7295204224293,217.9406617575561,415.5183790873025
2023-07-17,316.8538209062322,217.91035958614503,415.7972822263194
2023-07-18,316.9782893766605,217.88037772715262,416.07620102616835
2023-07-19,317.1025944516546,217.85038591053973,416.3548029927695
2023-07-20,317.22705845637216,217.82070376552937,416.6334131472149
2023-07-21,317.3513678750261,217.79101879248765,416.9117169575645
2023-07-24,317.4758276547991,217.76163336204544,417.19002194755274
2023-07-25,317.60014118292685,217.73225178763147,417.4680305782223
2023-07-26,317.72459696554074,217.70316011189107,417.7460338191904
2023-07-27,317.84891438158246,217.67407855555965,418.02375020760525
2023-07-28,317.9733663825418,217.6452777137421,418.3014550513416
2023-07-31,318.0976874768828,217.6164928575319,418.5788820962337
2023-08-01,318.22213590007334,217.5879799674807,418.856291832666
2023-08-02,318.34646047440026,217.5594885542682,419.13343239453235
2023-08-03,318.47090551271526,217.5312607719795,419.410550253451
2023-08-04,318.59523337940675,217.50305960379796,419.6874071550155
2023-08-07,318.7196752153398,217.47511412294816,419.9642363077314
2023-08-08,318.84400619688984,217.44720005936853,420.24081233441115
2023-08-09,318.9684450030956,217.41953411083858,420.51735589535264
2023-08-10,319.0927789315684,217.39190406741037,420.79365379572636
2023-08-11,319.2172148713928,217.36451491880837,421.06991482397723
2023-08-14,319.34155158790674,217.3371658655568,421.34593731025666
2023-08-15,319.4659848158892,217.3100508207398,421.62191881103865
2023-08-16,319.5903241701286,217.28297978071765,421.89766855953957
2023-08-17,319.71475483247644,217.25613617931208,422.1733734856408
2023-08-18,319.8390966822299,217.22934022720358,422.44885313725626
2023-08-21,319.9635249172679,217.20276544412664,422.72428439040914
2023-08-22,320.08786912799115,217.1762417049007,422.9994965510816
2023-08-23,320.21229506658614,217.14993314988166,423.27465698329064
2023-08-24,320.33664151098895,217.12367879749308,423.5496042244848
2023-08-25,320.4610652769524,217.09763391459632,423.8244966393085
2023-08-28,320.58541383460727,217.07164617073255,424.099181498482
2023-08-29,320.7098355450754,217.04586243788142,424.3738086522694
2023-08-30,320.8341861020474,217.02013857075252,424.6482336333423
2023-08-31,320.9586058678411,216.99461349925562,424.9225982364265
2023-09-01,321.0829583163383,216.96915082242677,425.1967658102499
2023-09-04,321.2073762423035,216.9438819565065,425.47087052810053
2023-09-05,321.3317304803454,216.91867782776959,425.7447831329212
2023-09-06,321.4561466656754,216.8936627440934,426.0186305872574
2023-09-07,321.58050259677975,216.86871456437783,426.2922906291817
2023-09-08,321.7049171353199,216.84395087159265,426.5658833990471
2023-09-11,321.82927466820615,216.8192560839121,426.83929325250017
2023-09-12,321.9536876487422,216.79474142218191,427.11263387530244
2023-09-13,322.07804669705126,216.7702975106172,427.38579588348534
2023-09-14,322.202458203582,216.74602955116413,427.65888685599987
2023-09-15,322.3268186856107,216.7218340398787,427.93180333134273
2023-09-18,322.4512287976064,216.6978104845286,428.20464711068416
2023-09-19,322.5755906360566,216.67386093681756,428.4773203352956
2023-09-20,322.6999994287027,216.65007951754876,428.74991933985666
2023-09-21,322.8243625504437,216.62637353491817,429.02235156596925
2023-09-22,322.94877009487226,216.60283201341537,429.29470817632915
2023-09-25,323.07313443071615,216.57936723469143,429.5669016267409
2023-09-26,323.1975407942241,216.55606340190334,429.8390181865448
2023-09-27,323.32190627871324,216.5328375023708,430.1109750550557
2023-09-28,323.4463115249692,216.5097691780729,430.3828538718655
2023-09-29,323.57067809617513,216.48677986864007,430.65457632371016
2023-10-02,323.695082285415,216.46394490100175,430.9262196698283
2023-10-03,323.81944988474794,216.4411899273922,431.1977098421037
2023-10-04,323.94385307396027,216.4185861925494,431.4691199553711
2023-10-05,324.0682216459893,216.39606333451928,431.7403799574593
2023-10-06,324.19262388909,216.37368873615117,432.0115590420288
2023-10-09,324.3169933813728,216.35139580673055,432.2825909560151
2023-10-10,324.44139472937087,216.32924827564216,432.5535411830996
2023-10-11,324.5657650922925,216.30718312039943,432.8243470641856
2023-10-12,324.69016559344686,216.285260614109,433.0950705727847
2023-10-13,324.8145367800674,216.2634211104386,433.3656524496962
2023-10-16,324.93893648003524,216.24172161277048,433.63615134730003
2023-10-17,325.0633084459453,216.22010566920116,433.90651122268946
2023-10-18,325.18770738792205,216.19862718988338,434.1767875859607
2023-10-19,325.3120800911068,216.17723274540816,434.4469274368054
2023-10-20,325.4364783159591,216.1559733196761,434.7169833122421
2023-10-23,325.56085171666876,216.13479834310158,434.98690509023595
2023-10-24,325.68524926306003,216.1137560313067,435.25674249481335
2023-10-25,325.80962332368796,216.09279852062176,435.5264481267542
2023-10-26,325.934020228197,216.07197140784552,435.79606904854853
2023-10-27,326.0583949131641,216.05122938960855,436.0655604367196
2023-10-30,326.18279121039757,216.030615585282,436.3349668355131
2023-10-31,326.30716648604283,216.01008711402602,436.60424585805964
2023-11-01,326.43156220874175,215.98968475155488,436.87343966592863
2023-11-02,326.55593804321927,215.96936790920967,437.1425081772289
2023-11-03,326.6803332223593,215.94917514560447,437.4114912991141
2023-11-06,326.80470958553985,215.92906804093505,437.68035113014463
2023-11-07,326.9291042504266,215.90908305644706,437.9491254444061
2023-11-08,327.05348111380545,215.88918382450845,438.21777840310244
2023-11-09,327.17787529216463,215.8694048222711,438.4863457620582
2023-11-10,327.302252628774,215.84971162387808,438.7547936336699
2023-11-13,327.42664634683643,215.83013682955314,439.02315586411976
2023-11-14,327.55102413116225,215.81064785076484,439.29140041155966
2023-11-15,327.67541741374464,215.79127551219491,439.5595593152944
2023-11-16,327.79979562164857,215.77198896381384,439.8276022794833
2023-11-17,327.9241884922295,215.75281735067918,440.0955596337798
2023-11-20,328.0485671008746,215.7337314677637,440.36340273398554
2023-11-21,328.1729595816669,215.7147588712452,440.63116029208857
2023-11-22,328.29733856944745,215.69587191263548,440.8988052262594
2023-11-23,328.42173068146633,215.67709664508268,441.16636471785
2023-11-24,328.54611002794144,215.65840689293907,441.43381316294386
2023-11-27,328.67050179106917,215.63982728754308,441.70117629459526
2023-11-28,328.7948814769,215.62133304689735,441.96842990690266
2023-11-29,328.9192729099468,215.60294745736928,442.23559836252434
2023-11-30,329.04365291683723,215.58464705568738,442.5026587779871
2023-12-01,329.16804403759926,215.56645385594197,442.76963421925655
2023-12-04,329.29242434823954,215.54834564269837,443.0365030537807
2023-12-05,329.4168151735534,215.53034322654247,443.30328712056433
2023-12-06,329.54119577156695,215.51242557280554,443.5699659703284
2023-12-07,329.6655863173616,215.4946123536319,443.83656028109124
2023-12-08,329.78996718725494,215.47688365166024,444.1030507228497
2023-12-11,329.9143574686005,215.45925806214626,444.36945687505477
2023-12-12,330.03873859571536,215.44171672499505,444.63576046643567
2023-12-13,330.1631286268694,215.42427721680627,444.90198003693257
2023-12-14,330.2875099973379,215.40692167794404,445.1680983167318
2023-12-15,330.41189979178944,215.38966672144267,445.4341328621362
2023-12-18,330.5362813924912,215.37249543437733,445.70006735060514
2023-12-19,330.66067096300185,215.35542351833556,445.96591840766814
2023-12-20,330.78505278152403,215.33843495625015,446.23167060679793
2023-12-21,330.9094421401674,215.32154458756844,446.49733969276633
2023-12-22,331.0338241647663,215.30473724296567,446.76291108656693
2023-12-25,331.1582133229652,215.28802694639555,447.0283996995349
2023-12-26,331.2825955425304,215.27139933075145,447.29379175430927
2023-12-27,331.4069845110916,215.25486764862276,447.5591013735604
2023-12-28,331.5313669151115,215.2384182920483,447.82431553817474
2023-12-29,331.6557557042592,215.2220637840014,448.08944762451705
2024-01-01,331.7801382827891,215.20579123491282,448.35448533066534
2024-01-02,331.9045269021963,215.1896124776353,448.61944132675734
2024-01-03,332.02890964582764,215.17351530243224,448.88430398922304
2024-01-04,332.1532981046458,215.15751088939973,449.14908531989187
2024-01-05,332.27768100447713,215.14158767215065,449.4137743368036
2024-01-08,332.4020693113643,215.1257562133724,449.67838240935623
2024-01-09,332.5264523589742,215.11000555550822,449.9428991624402
2024-01-10,332.6508405221217,215.09434567727686,450.20733536696656
2024-01-11,332.7752237095428,215.0787661972912,450.47168122179437
2024-01-12,332.8996117367002,215.06327654193663,450.7359469314638
2024-01-15,333.02399505639465,215.0478668750934,451.00012323769596
2024-01-16,333.14838295489386,215.0325461007412,451.2642198090465
2024-01-17,333.27276639973024,215.01730489878872,451.52822790067177
2024-01-18,333.39715417650774,215.00215167912236,451.79215667389315
2024-01-19,333.5215377397391,214.98707761001424,452.0559978694639
2024-01-22,333.64592540135743,214.97209063404165,452.31976016867316
2024-01-23,333.77030907660054,214.95718238166418,452.5834357715369
2024-01-24,333.8946966292685,214.942360353488,452.847032905049
2024-01-25,334.01908041048426,214.9276166173932,453.11054420357533
2024-01-26,334.1434678600758,214.9129582559855,453.37397746416616
2024-01-29,334.2678517415509,214.89837775113108,453.6373257319707
2024-01-30,334.39223909362335,214.8838817901111,453.9005963971356
2024-01-31,334.5166230699523,214.86946324660525,454.1637828932993
2024-02-01,334.6410103297633,214.85512843402194,454.4268922255046
2024-02-02,334.76539439583206,214.84087059687442,454.6899181947897
2024-02-05,334.88978156835594,214.8266956949921,454.9528674417198
2024-02-06,335.0141657193263,214.81259732387085,455.2157341147817
2024-02-07,335.13855280926896,214.7985811089585,455.47852450957936
2024-02-08,335.26293704056343,214.7846409779511,455.7412331031758
2024-02-09,335.38732405237727,214.77078224007587,456.00386586467863
2024-02-12,335.5117083596653,214.75699913745675,456.26641758187384
2024-02-13,335.6360952975626,214.74329668028045,456.5288939148447
2024-02-14,335.76047967674697,214.7296694082827,456.79128994521125
2024-02-15,335.88486654471285,214.71612204886196,457.05361104056374
2024-02-16,336.0092509919174,214.70264942345435,457.31585256038045
2024-02-19,336.1336377937222,214.68925599204437,457.57801959540006
2024-02-20,336.2580223052796,214.67593684271293,457.8401077678463
2024-02-21,336.3824090444903,214.66269618257434,458.1021219064063
2024-02-22,336.506793616931,214.64952935210871,458.3640578817533
2024-02-23,336.6311802969224,214.63644031931815,458.6259202745267
2024-02-26,336.7555649269639,214.62342466360224,458.8877051903256
2024-02-27,336.87995155092875,214.61048612686577,459.14941697499177
2024-02-28,337.0043362354656,214.59762051467314,459.411051956258
2024-02-29,337.1287228064245,214.58483135514308,459.6726142577059
